date,Open,High,Low,Close,Volume,company_name
2026-04-06,256.51,262.16,256.46,258.86,29329911.0,AAPL
2026-04-02,254.2,256.13,250.65,255.92,31289369.0,AAPL
2026-04-01,254.08,256.18,253.33,255.63,40059432.0,AAPL
2026-03-31,247.91,255.48,247.101,253.79,49598091.0,AAPL
2026-03-30,250.07,250.87,245.51,246.63,39446213.0,AAPL
2026-03-27,253.9,255.493,248.07,248.8,47899998.0,AAPL
2026-03-26,252.115,257.0,250.77,252.89,41796650.0,AAPL
2026-03-25,254.095,255.0,251.6,252.62,28476668.0,AAPL
2026-03-24,250.35,254.825,249.55,251.64,45152288.0,AAPL
2026-03-23,253.97,254.6,250.28,251.49,40546109.0,AAPL
2026-03-20,247.975,249.1999,246.0,247.99,88331081.0,AAPL
2026-03-19,249.4,251.83,247.3,248.96,34864082.0,AAPL
2026-03-18,252.625,254.94,249.0,249.94,35757874.0,AAPL
2026-03-17,252.955,255.13,252.18,254.23,32361607.0,AAPL
2026-03-16,252.105,253.885,249.88,252.82,32074209.0,AAPL
2026-03-13,255.48,256.33,249.52,250.12,36929988.0,AAPL
2026-03-12,258.66,258.95,254.18,255.76,40794020.0,AAPL
2026-03-11,261.09,262.13,259.55,260.81,26218927.0,AAPL
2026-03-10,257.645,262.48,256.95,260.83,30590765.0,AAPL
2026-03-09,255.69,261.15,253.6805,259.88,38218533.0,AAPL
2026-03-06,258.63,258.77,254.37,257.46,41120042.0,AAPL
2026-03-05,260.79,261.555,257.25,260.29,49658626.0,AAPL
2026-03-04,264.65,266.15,261.42,262.52,39803119.0,AAPL
2026-03-03,263.48,265.56,260.13,263.75,38568921.0,AAPL
2026-03-02,262.41,266.53,260.2,264.72,41827946.0,AAPL
2026-02-27,272.81,272.81,262.89,264.18,72366505.0,AAPL
2026-02-26,274.945,276.11,270.795,272.95,32345114.0,AAPL
2026-02-25,271.78,274.94,271.05,274.23,33714342.0,AAPL
2026-02-24,267.86,274.89,267.71,272.14,47014619.0,AAPL
2026-02-23,263.49,269.43,263.381,266.18,37308155.0,AAPL
2026-02-20,258.97,264.75,258.16,264.58,42070499.0,AAPL
2026-02-19,262.6,264.48,260.05,260.58,30845294.0,AAPL
2026-02-18,263.6,266.82,262.45,264.35,34203337.0,AAPL
2026-02-17,258.05,266.29,255.54,263.88,58469094.0,AAPL
2026-02-13,262.01,262.23,255.45,255.78,56290673.0,AAPL
2026-02-12,275.59,275.72,260.18,261.73,81077229.0,AAPL
2026-02-11,274.695,280.18,274.45,275.5,51931283.0,AAPL
2026-02-10,274.885,275.37,272.94,273.68,34376898.0,AAPL
2026-02-09,277.905,278.2,271.7,274.62,44623396.0,AAPL
2026-02-06,277.12,280.905,276.925,278.12,50453414.0,AAPL
2026-02-05,278.13,279.5,273.23,275.91,52977441.0,AAPL
2026-02-04,272.285,278.95,272.285,276.49,90545710.0,AAPL
2026-02-03,269.2,271.875,267.61,269.48,63799388.0,AAPL
2026-02-02,260.03,270.49,259.205,270.01,73913425.0,AAPL
2026-01-30,255.165,261.8999,252.18,259.48,92443408.0,AAPL
2026-01-29,258.0,259.65,254.41,258.28,67253009.0,AAPL
2026-01-28,257.65,258.855,254.51,256.44,41287971.0,AAPL
2026-01-27,259.17,261.95,258.21,258.27,48787855.0,AAPL
2026-01-26,251.48,256.56,249.8,255.41,55969234.0,AAPL
2026-01-23,247.32,249.41,244.68,248.04,41688982.0,AAPL
2026-01-22,249.2,251.0,248.15,248.35,39708340.0,AAPL
2026-01-21,248.7,251.56,245.18,247.65,54641725.0,AAPL
2026-01-20,252.73,254.79,243.42,246.7,77280987.0,AAPL
2026-01-16,257.9,258.9,254.93,255.53,72142773.0,AAPL
2026-01-15,260.65,261.04,257.05,258.21,39388564.0,AAPL
2026-01-14,259.49,261.82,256.71,259.96,40019421.0,AAPL
2026-01-13,258.72,261.81,258.39,261.05,45730847.0,AAPL
2026-01-12,259.16,261.3,256.8,260.25,45263767.0,AAPL
2026-01-09,259.075,260.21,256.22,259.37,39996967.0,AAPL
2026-01-08,257.02,259.29,255.7,259.04,50419337.0,AAPL
2026-01-07,263.2,263.68,259.81,260.33,48309804.0,AAPL
2026-01-06,267.0,267.55,262.12,262.36,52352090.0,AAPL
2026-01-05,270.64,271.51,266.14,267.26,45647190.0,AAPL
2026-01-02,272.255,277.84,269.0,271.01,37838054.0,AAPL
2025-12-31,273.06,273.68,271.75,271.86,27293639.0,AAPL
2025-12-30,272.81,274.08,272.28,273.08,22139617.0,AAPL
2025-12-29,272.69,274.36,272.35,273.76,23715213.0,AAPL
2025-12-26,274.16,275.37,272.86,273.4,21521802.0,AAPL
2025-12-24,272.34,275.43,272.195,273.81,17910574.0,AAPL
2025-12-23,270.84,272.5,269.56,272.36,29641999.0,AAPL
2025-12-22,272.86,273.88,270.505,270.97,36571827.0,AAPL
2025-12-19,272.145,274.6,269.9,273.67,144632048.0,AAPL
2025-12-18,273.605,273.63,266.95,272.19,51630721.0,AAPL
2025-12-17,275.01,276.16,271.64,271.84,50138743.0,AAPL
2025-12-16,272.82,275.5,271.79,274.61,37648628.0,AAPL
2025-12-15,280.15,280.15,272.84,274.11,50409078.0,AAPL
2025-12-12,277.9,279.22,276.82,278.28,39532887.0,AAPL
2025-12-11,279.095,279.59,273.81,278.03,33247986.0,AAPL
2025-12-10,277.75,279.75,276.44,278.78,33038318.0,AAPL
2025-12-09,278.16,280.03,276.92,277.18,31753410.0,AAPL
2025-12-08,278.13,279.6693,276.15,277.89,36406317.0,AAPL
2025-12-05,280.54,281.14,278.05,278.78,47265845.0,AAPL
2025-12-04,284.095,284.73,278.59,280.7,43989056.0,AAPL
2025-12-03,286.2,288.62,283.3,284.15,43538687.0,AAPL
2025-12-02,283.0,287.4,282.6301,286.19,53669532.0,AAPL
2025-12-01,278.01,283.42,276.14,283.1,46587722.0,AAPL
2025-11-28,277.26,279.0,275.9865,278.85,20135620.0,AAPL
2025-11-26,276.96,279.53,276.63,277.55,33431423.0,AAPL
2025-11-25,275.27,280.38,275.25,276.97,46914220.0,AAPL
2025-11-24,270.9,277.0,270.9,275.92,65585796.0,AAPL
2025-11-21,265.95,273.33,265.67,271.49,59030832.0,AAPL
2025-11-20,270.83,275.43,265.92,266.25,45823568.0,AAPL
2025-11-19,265.525,272.21,265.5,268.56,40424492.0,AAPL
2025-11-18,269.99,270.71,265.32,267.44,45677278.0,AAPL
2025-11-17,268.815,270.49,265.73,267.46,45018260.0,AAPL
2025-11-14,271.05,275.96,269.6,272.41,47431331.0,AAPL
2025-11-13,274.11,276.699,272.09,272.95,49602794.0,AAPL
2025-11-12,275.0,275.73,271.7,273.47,48397982.0,AAPL
2025-11-11,269.81,275.91,269.8,275.25,46208318.0,AAPL
2025-11-10,268.96,273.73,267.455,269.43,41312412.0,AAPL
2025-11-07,269.871,275.778,267.179,273.21,39454291.2,AAPL
2025-11-06,274.088,277.17,268.637,271.3,45438908.3,AAPL
2025-11-05,277.069,277.182,273.914,275.48,38688649.0,AAPL
2025-11-04,284.017,288.063,282.415,284.2,34066792.0,AAPL
2025-11-03,286.015,288.239,282.569,284.56,32857078.4,AAPL
2025-10-31,282.724,286.22,278.25,281.9,45443909.9,AAPL
2025-10-30,287.87,291.128,285.515,290.37,36588935.4,AAPL
2025-10-29,283.988,286.39,280.737,283.57,43353899.4,AAPL
2025-10-28,295.12,298.913,287.033,290.84,36827516.2,AAPL
2025-10-27,298.003,301.559,294.865,300.72,46714328.5,AAPL
2025-10-24,296.68,299.375,290.449,292.91,39134398.0,AAPL
2025-10-23,292.535,297.245,290.115,294.58,38881222.3,AAPL
2025-10-22,299.641,303.304,296.632,298.82,43015026.3,AAPL
2025-10-21,301.228,303.407,299.463,301.68,37728943.3,AAPL
2025-10-20,301.756,302.725,295.65,299.42,38894397.3,AAPL
2025-10-17,297.393,302.101,294.437,301.29,34765911.5,AAPL
2025-10-16,296.96,299.336,293.208,296.87,40878281.5,AAPL
2025-10-15,311.99,318.712,307.314,315.28,40736705.6,AAPL
2025-10-14,316.519,322.117,316.459,319.19,33837545.4,AAPL
2025-10-13,318.474,320.374,314.698,318.28,33851946.9,AAPL
2025-10-10,324.302,327.479,322.47,325.12,53268572.8,AAPL
2025-10-09,329.811,331.346,325.837,328.56,38655072.8,AAPL
2025-10-08,333.988,335.876,326.179,330.77,36875246.5,AAPL
2025-10-07,335.666,336.645,333.345,333.45,41420235.4,AAPL
2025-10-06,331.613,333.502,330.074,330.48,46319053.4,AAPL
2025-10-03,325.469,330.12,320.82,327.71,42055470.7,AAPL
2025-10-02,333.96,336.672,331.163,334.83,46794639.3,AAPL
2025-10-01,339.163,344.305,335.775,340.52,49549466.8,AAPL
2025-09-30,347.687,353.604,346.601,349.73,43268589.5,AAPL
2025-09-29,348.361,354.494,345.949,349.96,38196146.3,AAPL
2025-09-26,351.395,351.597,349.653,350.87,33473882.6,AAPL
2025-09-25,366.975,371.68,360.492,364.81,30479635.3,AAPL
2025-09-24,363.535,365.23,358.309,362.04,34475296.0,AAPL
2025-09-23,367.297,370.679,366.239,369.18,47146358.0,AAPL
2025-09-22,375.36,378.091,369.385,376.44,35810112.4,AAPL
2025-09-19,377.224,378.045,371.759,373.1,39274471.2,AAPL
2025-09-18,385.056,387.004,377.924,382.22,44518724.4,AAPL
2025-09-17,384.157,386.37,377.652,381.95,33344522.5,AAPL
2025-09-16,389.867,390.437,383.601,387.05,38812202.7,AAPL
2025-09-15,389.124,395.531,388.794,390.78,46323510.0,AAPL
2025-09-12,386.297,389.87,382.501,387.3,37725417.0,AAPL
2025-09-11,398.713,400.153,395.91,398.04,41627417.5,AAPL
2025-09-10,396.951,400.274,389.741,392.67,46229451.2,AAPL
2025-09-09,386.544,392.298,385.755,390.51,45492098.4,AAPL
2025-09-08,382.422,383.521,377.713,381.61,35531073.3,AAPL
2025-09-05,376.99,380.275,376.469,379.72,41416099.1,AAPL
2025-09-04,385.152,385.846,380.704,384.15,37597025.8,AAPL
2025-09-03,377.827,380.145,372.738,375.53,42774009.2,AAPL
2025-09-02,371.66,376.51,369.814,372.27,29761603.0,AAPL
2025-09-01,370.241,374.308,366.766,370.48,42089327.3,AAPL
2025-08-29,369.901,371.515,368.832,369.62,36386889.2,AAPL
2025-08-28,365.05,372.026,363.928,370.08,40783368.7,AAPL
2025-08-27,375.567,377.853,370.853,375.43,39252940.3,AAPL
2025-08-26,376.987,377.089,375.907,376.93,49929841.5,AAPL
2025-08-25,373.497,377.728,370.965,373.31,39817500.1,AAPL
2025-08-22,371.205,379.238,368.887,375.2,40747761.3,AAPL
2025-08-21,375.884,378.09,373.026,377.32,54398512.9,AAPL
2025-08-20,369.941,371.805,367.314,370.58,43537811.4,AAPL
2025-08-19,373.095,374.284,367.053,371.24,42243173.1,AAPL
2025-08-18,374.154,377.937,370.395,374.79,41747072.1,AAPL
2025-08-15,376.108,376.275,370.382,370.76,41844835.8,AAPL
2025-08-14,377.436,377.647,374.339,377.18,49177619.4,AAPL
2025-08-13,367.221,371.787,363.351,369.66,52259660.0,AAPL
2025-08-12,374.03,380.269,371.949,375.96,35152040.1,AAPL
2025-08-11,365.112,370.403,361.145,368.83,37542445.1,AAPL
2025-08-08,361.008,367.359,357.799,363.68,51036437.7,AAPL
2025-08-07,364.382,367.571,360.305,365.16,36856353.6,AAPL
2025-08-06,370.226,373.973,362.323,365.94,38185860.3,AAPL
2025-08-05,357.701,360.59,356.545,360.22,49818801.2,AAPL
2025-08-04,356.981,360.992,353.839,358.99,48401729.3,AAPL
2025-08-01,372.682,376.679,368.159,369.72,38916392.0,AAPL
2025-07-31,365.705,369.1,364.696,366.33,30375704.9,AAPL
2025-07-30,351.215,353.989,347.686,350.86,49325286.7,AAPL
2025-07-29,342.821,347.209,340.327,344.95,45883079.3,AAPL
2025-07-28,349.375,352.135,344.214,348.58,25658873.5,AAPL
2025-07-25,348.648,352.029,345.516,347.94,36340766.0,AAPL
2025-07-24,344.422,345.675,343.127,343.66,44659109.5,AAPL
2025-07-23,350.331,354.908,346.24,348.97,42684955.8,AAPL
2025-07-22,350.94,355.366,345.492,348.05,45766946.8,AAPL
2025-07-21,346.589,351.127,344.286,347.63,36212644.9,AAPL
2025-07-18,359.238,360.368,356.199,357.11,39730971.4,AAPL
2025-07-17,348.631,355.646,345.645,352.28,34017033.6,AAPL
2025-07-16,359.134,364.808,356.98,359.51,47828760.2,AAPL
2025-07-15,350.001,355.838,346.169,353.37,38330402.7,AAPL
2025-07-14,343.391,346.014,341.589,345.63,45265133.6,AAPL
2025-07-11,349.818,350.11,346.256,347.89,49547098.0,AAPL
2025-07-10,364.479,365.741,362.324,363.79,39377251.3,AAPL
2025-07-09,375.583,379.096,369.05,373.49,42325747.9,AAPL
2025-07-08,381.256,381.89,378.495,379.77,53940618.6,AAPL
2025-07-07,373.37,378.209,370.182,372.37,44881891.2,AAPL
2025-07-04,376.958,380.486,372.049,377.7,37182178.3,AAPL
2025-07-03,370.425,370.428,370.165,370.42,37185794.3,AAPL
2025-07-02,363.762,368.977,360.352,363.17,49911306.4,AAPL
2025-07-01,359.362,364.902,357.902,361.32,32888408.7,AAPL
2025-06-30,365.229,369.008,361.404,366.06,45061375.6,AAPL
2025-06-27,348.387,354.748,342.309,352.52,39527915.9,AAPL
2025-06-26,358.857,361.603,357.03,360.46,51850151.0,AAPL
2025-06-25,368.012,374.237,364.966,369.52,43425705.1,AAPL
2025-06-24,373.916,375.037,367.692,371.76,42188038.7,AAPL
2025-06-23,371.57,376.788,368.429,372.72,39095041.4,AAPL
2025-06-20,369.317,376.161,364.642,371.61,48310846.4,AAPL
2025-06-19,370.543,371.159,367.253,369.34,40032916.8,AAPL
2025-06-18,371.342,373.335,368.32,369.86,48751397.7,AAPL
2025-06-17,370.22,371.942,369.61,371.59,40101801.1,AAPL
2025-06-16,365.538,372.036,362.463,369.44,38417337.5,AAPL
2025-06-13,371.939,373.458,368.661,368.77,39151599.6,AAPL
2025-06-12,374.38,378.142,370.4,374.45,43346476.2,AAPL
2025-06-11,365.803,369.893,361.881,364.97,43061346.1,AAPL
2025-06-10,368.121,369.873,365.921,368.08,41835120.8,AAPL
2025-06-09,359.83,363.791,359.074,360.35,39665770.7,AAPL
2025-06-06,352.804,352.88,349.605,352.04,39911246.7,AAPL
2025-06-05,355.733,360.666,354.747,359.5,45670142.7,AAPL
2025-06-04,356.973,361.033,354.987,355.58,39733810.6,AAPL
2025-06-03,351.805,354.8,350.449,353.2,42389819.5,AAPL
2025-06-02,355.98,359.048,350.554,353.35,41254557.5,AAPL
2025-05-30,358.478,362.187,354.982,358.18,35007322.5,AAPL
2025-05-29,369.521,372.412,364.918,367.95,36277031.0,AAPL
2025-05-28,364.441,366.65,359.418,362.82,35952103.7,AAPL
2025-05-27,358.773,365.247,352.7,363.09,45698468.8,AAPL
2025-05-26,353.162,356.027,349.033,351.87,39185818.4,AAPL
2025-05-23,345.454,349.443,338.449,346.88,44663876.3,AAPL
2025-05-22,351.719,354.875,347.201,349.36,34980284.9,AAPL
2025-05-21,349.075,352.481,346.015,349.88,43395384.4,AAPL
2025-05-20,356.606,359.765,354.9,355.37,43591547.5,AAPL
2025-05-19,356.362,357.358,353.368,355.45,40078464.3,AAPL
2025-05-16,364.383,366.536,360.054,363.2,35431345.5,AAPL
2025-05-15,369.748,372.909,368.276,372.29,43824808.5,AAPL
2025-05-14,365.089,369.631,357.952,362.45,54578885.9,AAPL
2025-05-13,362.896,366.47,359.549,360.71,42621151.4,AAPL
2025-05-12,360.777,362.631,358.293,359.81,38510147.7,AAPL
2025-05-09,355.692,360.4,353.855,354.58,48494252.9,AAPL
2025-05-08,340.392,344.765,340.168,342.2,24436041.2,AAPL
2025-05-07,350.826,353.599,348.822,350.72,45275478.2,AAPL
2025-05-06,352.366,352.778,347.138,348.31,37611119.5,AAPL
2025-05-05,351.401,358.369,349.477,352.46,45302244.8,AAPL
2025-05-02,360.347,365.737,356.35,361.94,31252405.8,AAPL
2025-05-01,349.115,350.441,345.092,348.2,37307825.8,AAPL
2025-04-30,358.229,361.972,353.709,357.81,30882204.7,AAPL
2025-04-29,363.746,368.345,359.218,364.2,38774760.0,AAPL
2025-04-28,373.891,375.753,369.308,372.57,47915267.6,AAPL
2026-04-06,294.7,298.425,293.79,297.66,10121741.0,GOOG
2026-04-02,288.99,295.9,287.57,294.46,13433366.0,GOOG
2026-04-01,289.98,297.985,289.47,294.9,24403551.0,GOOG
2026-03-31,277.54,287.05,276.76,286.86,31625057.0,GOOG
2026-03-30,275.44,276.26,271.535,273.14,22752315.0,GOOG
2026-03-27,277.4,279.09,273.48,273.76,25703300.0,GOOG
2026-03-26,286.19,286.515,279.05,280.74,29281207.0,GOOG
2026-03-25,292.15,294.66,287.37,289.59,22343018.0,GOOG
2026-03-24,296.21,297.1,288.855,289.2,27411194.0,GOOG
2026-03-23,300.53,303.37,298.03,299.02,22204112.0,GOOG
2026-03-20,304.07,304.37,296.75,298.79,34763531.0,GOOG
2026-03-19,303.21,306.68,301.0,305.73,15399724.0,GOOG
2026-03-18,307.905,310.75,305.545,306.3,13848428.0,GOOG
2026-03-17,304.67,310.05,304.35,309.41,14423553.0,GOOG
2026-03-16,303.6,305.57,301.81,304.42,14822047.0,GOOG
2026-03-13,306.655,307.26,299.7801,301.46,16857533.0,GOOG
2026-03-12,306.21,308.64,300.84,303.21,15610193.0,GOOG
2026-03-11,306.3,311.069,305.84,308.42,13376677.0,GOOG
2026-03-10,305.875,309.15,305.31,306.93,14386421.0,GOOG
2026-03-09,294.135,306.5,293.93,306.01,19632738.0,GOOG
2026-03-06,296.072,300.33,295.25,298.3,17598003.0,GOOG
2026-03-05,303.2,303.37,298.07,300.91,22643883.0,GOOG
2026-03-04,302.685,305.46,300.8,303.45,20015599.0,GOOG
2026-03-03,298.42,303.94,296.6994,303.56,20361131.0,GOOG
2026-03-02,302.965,308.14,301.06,306.36,21854368.0,GOOG
2026-02-27,303.94,312.08,303.5905,311.43,33389206.0,GOOG
2026-02-26,312.805,313.0,302.41,307.15,22379980.0,GOOG
2026-02-25,312.12,313.66,309.36,313.03,20209083.0,GOOG
2026-02-24,310.64,312.37,306.09,310.92,15040656.0,GOOG
2026-02-23,319.14,319.455,309.99,311.69,17641176.0,GOOG
2026-02-20,304.8,316.76,304.42,314.9,33663143.0,GOOG
2026-02-19,302.52,306.03,300.67,303.56,13448627.0,GOOG
2026-02-18,302.432,305.91,301.98,303.94,15847701.0,GOOG
2026-02-17,300.64,304.89,296.9,302.82,23750758.0,GOOG
2026-02-13,307.985,308.89,303.9,306.02,20235950.0,GOOG
2026-02-12,312.35,316.48,308.15,309.37,28193962.0,GOOG
2026-02-11,318.96,321.045,310.13,311.33,24008065.0,GOOG
2026-02-10,320.91,321.63,314.66,318.63,25281932.0,GOOG
2026-02-09,321.24,327.74,317.7,324.4,26103255.0,GOOG
2026-02-06,327.35,330.64,320.15,323.1,33877014.0,GOOG
2026-02-05,313.2,332.644,306.92,331.33,51842004.0,GOOG
2026-02-04,343.755,344.25,329.37,333.34,36991086.0,GOOG
2026-02-03,348.515,350.15,338.59,340.7,25509219.0,GOOG
2026-02-02,336.55,345.165,336.01,344.9,22775218.0,GOOG
2026-01-30,334.46,340.29,332.64,338.53,21740202.0,GOOG
2026-01-29,340.35,342.29,326.72,338.66,24548303.0,GOOG
2026-01-28,336.61,337.63,332.13,336.28,17538476.0,GOOG
2026-01-27,335.63,338.215,333.75,335.0,15669092.0,GOOG
2026-01-26,328.2,336.3499,327.49,333.59,18502451.0,GOOG
2026-01-23,332.655,334.03,327.97,328.43,19110585.0,GOOG
2026-01-22,334.265,335.21,328.88,330.84,19902110.0,GOOG
2026-01-21,321.095,332.725,319.5401,328.38,22791650.0,GOOG
2026-01-20,321.24,328.09,320.89,322.16,26948049.0,GOOG
2026-01-16,334.935,335.2399,328.17,330.34,21868624.0,GOOG
2026-01-15,338.055,338.13,331.29,333.16,16424864.0,GOOG
2026-01-14,334.985,337.03,331.14,336.31,17839332.0,GOOG
2026-01-13,335.28,341.2,334.35,336.43,24616700.0,GOOG
2026-01-12,326.5,334.44,325.51,332.73,23893764.0,GOOG
2026-01-09,327.49,331.48,326.25,329.14,17917732.0,GOOG
2026-01-08,329.265,330.54,321.99,326.01,21789614.0,GOOG
2026-01-07,314.57,326.465,314.5,322.43,24681825.0,GOOG
2026-01-06,317.31,321.56,312.34,314.55,18989910.0,GOOG
2026-01-05,317.695,319.25,315.249,317.32,19934019.0,GOOG
2026-01-02,317.59,322.9138,310.65,315.32,22043703.0,GOOG
2025-12-31,313.37,315.39,312.2,313.8,10821502.0,GOOG
2025-12-30,313.41,317.7,313.25,314.55,11052495.0,GOOG
2025-12-29,312.82,314.97,311.9,314.39,12317693.0,GOOG
2025-12-26,315.92,316.5599,313.72,314.96,6730944.0,GOOG
2025-12-24,316.15,316.29,313.32,315.67,6138155.0,GOOG
2025-12-23,311.135,316.3,310.75,315.68,13961424.0,GOOG
2025-12-22,311.225,311.7,306.59,311.33,14091373.0,GOOG
2025-12-19,303.27,308.99,302.34,308.61,45234430.0,GOOG
2025-12-18,303.06,305.26,300.63,303.75,21040496.0,GOOG
2025-12-17,309.01,309.195,297.45,298.06,29120355.0,GOOG
2025-12-16,306.0,311.845,303.83,307.73,21285166.0,GOOG
2025-12-15,312.625,312.7,305.74,309.32,22028947.0,GOOG
2025-12-12,314.795,316.14,306.96,310.52,21264787.0,GOOG
2025-12-11,321.1,321.99,309.88,313.7,25912059.0,GOOG
2025-12-10,316.62,321.87,315.4,321.0,22764499.0,GOOG
2025-12-09,313.1,318.7089,312.62,317.75,14098016.0,GOOG
2025-12-08,321.03,321.23,311.91,314.45,21707040.0,GOOG
2025-12-05,320.0,323.83,319.98,322.09,15719851.0,GOOG
2025-12-04,323.045,323.099,315.59,318.39,20831597.0,GOOG
2025-12-03,316.03,322.04,314.28,320.62,32285099.0,GOOG
2025-12-02,316.9,318.6,314.22,316.02,24668179.0,GOOG
2025-12-01,317.475,319.63,313.98,315.12,28520587.0,GOOG
2025-11-28,323.43,326.88,316.94,320.12,19695811.0,GOOG
2025-11-26,320.78,324.99,317.2,320.28,29839577.0,GOOG
2025-11-25,326.8,328.67,317.8164,323.64,50899309.0,GOOG
2025-11-24,311.01,319.8,309.4001,318.47,55311838.0,GOOG
2025-11-21,296.87,303.96,294.36,299.65,43670586.0,GOOG
2025-11-20,304.74,306.89,289.17,289.98,34801371.0,GOOG
2025-11-19,287.685,304.25,287.67,292.99,43123599.0,GOOG
2025-11-18,288.485,289.435,279.01,284.96,29702228.0,GOOG
2025-11-17,286.4,294.52,284.23,285.6,34286093.0,GOOG
2025-11-14,271.895,279.15,271.41,276.98,18330487.0,GOOG
2025-11-13,282.985,283.51,278.0,279.12,18060224.0,GOOG
2025-11-12,292.085,292.36,284.38,287.43,16998821.0,GOOG
2025-11-11,288.2,292.34,287.88,291.74,14156729.0,GOOG
2025-11-10,285.265,291.46,283.54,290.59,19508185.0,GOOG
2025-11-07,280.073,282.051,278.563,281.3,12592630.5,GOOG
2025-11-06,275.208,277.836,270.302,273.76,15900162.1,GOOG
2025-11-05,280.864,283.177,279.277,280.28,22723272.0,GOOG
2025-11-04,272.065,275.062,269.786,272.94,22423097.0,GOOG
2025-11-03,268.845,272.232,266.892,267.9,16675487.8,GOOG
2025-10-31,263.199,265.156,261.404,263.9,21621684.2,GOOG
2025-10-30,267.125,270.477,266.141,266.18,5787696.6,GOOG
2025-10-29,261.26,265.881,256.433,262.51,18657651.1,GOOG
2025-10-28,264.222,266.381,262.421,264.23,14085422.3,GOOG
2025-10-27,258.997,264.421,257.08,262.17,27357633.9,GOOG
2025-10-24,262.062,262.904,259.289,261.3,24170143.2,GOOG
2025-10-23,256.667,260.091,253.38,256.48,15596058.4,GOOG
2025-10-22,266.527,270.246,264.492,268.29,17747119.6,GOOG
2025-10-21,271.282,272.543,269.822,270.23,17646112.6,GOOG
2025-10-20,263.908,267.798,261.454,265.26,19410465.4,GOOG
2025-10-17,261.771,265.126,258.368,263.22,19051580.7,GOOG
2025-10-16,270.797,271.218,264.786,268.44,20079297.0,GOOG
2025-10-15,265.944,267.827,262.378,265.38,19045647.6,GOOG
2025-10-14,269.307,269.312,267.504,269.23,8878220.7,GOOG
2025-10-13,270.187,272.777,267.274,269.01,5000000.0,GOOG
2025-10-10,273.281,274.526,268.691,271.19,15617447.7,GOOG
2025-10-09,260.211,264.827,258.768,263.51,22666821.8,GOOG
2025-10-08,263.459,264.012,259.24,263.18,20753591.8,GOOG
2025-10-07,268.3,268.988,263.834,266.08,25572776.3,GOOG
2025-10-06,262.673,264.434,261.471,262.27,21621787.2,GOOG
2025-10-03,270.011,272.853,266.356,268.27,8146545.4,GOOG
2025-10-02,266.022,266.761,263.519,264.96,20572883.6,GOOG
2025-10-01,260.875,262.405,259.558,261.41,13826072.2,GOOG
2025-09-30,255.958,256.235,251.748,253.14,28967661.5,GOOG
2025-09-29,249.686,252.703,244.559,246.76,21435600.8,GOOG
2025-09-26,241.239,241.359,238.723,240.57,8954721.9,GOOG
2025-09-25,237.396,238.943,234.967,236.9,9268793.8,GOOG
2025-09-24,238.104,240.715,236.628,238.94,20632173.8,GOOG
2025-09-23,235.875,238.345,233.155,237.84,14469541.8,GOOG
2025-09-22,239.595,240.958,234.702,238.44,14030763.5,GOOG
2025-09-19,238.064,243.478,236.765,240.98,23209617.3,GOOG
2025-09-18,242.165,244.398,237.389,238.67,16794848.2,GOOG
2025-09-17,232.512,236.37,232.31,235.19,13726929.0,GOOG
2025-09-16,228.875,231.327,226.505,230.13,10278013.3,GOOG
2025-09-15,227.904,231.344,226.718,229.55,25571488.1,GOOG
2025-09-12,230.452,233.396,228.262,229.8,27559726.6,GOOG
2025-09-11,228.04,228.987,224.981,226.77,20472861.3,GOOG
2025-09-10,225.169,227.669,221.496,223.64,16430610.3,GOOG
2025-09-09,226.08,226.644,224.083,225.38,19008053.9,GOOG
2025-09-08,224.148,224.696,221.186,223.35,8227675.4,GOOG
2025-09-05,227.067,228.4,223.822,225.8,34579866.2,GOOG
2025-09-04,226.281,226.811,224.383,226.52,28118654.1,GOOG
2025-09-03,225.686,229.951,223.816,225.56,20567250.7,GOOG
2025-09-02,223.612,227.229,220.878,224.96,26160638.3,GOOG
2025-09-01,220.48,222.588,216.436,221.44,12201018.3,GOOG
2025-08-29,226.914,227.184,226.435,226.95,10752401.1,GOOG
2025-08-28,231.426,234.02,229.682,231.72,24111352.5,GOOG
2025-08-27,229.57,234.216,229.56,233.32,20821274.6,GOOG
2025-08-26,230.261,232.589,228.105,231.13,26465472.5,GOOG
2025-08-25,235.536,236.695,231.834,234.27,5000000.0,GOOG
2025-08-22,236.569,237.005,235.325,236.09,12028825.3,GOOG
2025-08-21,237.889,240.1,235.719,237.32,10141546.3,GOOG
2025-08-20,242.893,245.454,240.441,242.21,30945487.6,GOOG
2025-08-19,244.893,246.845,243.419,244.96,11339472.5,GOOG
2025-08-18,251.16,253.33,247.569,251.13,19796939.5,GOOG
2025-08-15,261.974,264.321,261.148,264.24,22336010.9,GOOG
2025-08-14,263.21,263.532,261.317,262.75,19228643.4,GOOG
2025-08-13,255.181,256.772,250.503,253.16,20263318.3,GOOG
2025-08-12,253.893,254.452,250.526,254.43,20281389.2,GOOG
2025-08-11,259.176,261.1,257.548,259.89,16520029.1,GOOG
2025-08-08,249.812,255.221,248.201,252.4,25292101.2,GOOG
2025-08-07,253.225,256.717,249.297,254.74,12153733.8,GOOG
2025-08-06,253.469,255.757,249.639,251.3,31883411.0,GOOG
2025-08-05,252.124,254.153,248.531,250.86,16648489.5,GOOG
2025-08-04,256.013,257.888,251.677,254.07,12843010.1,GOOG
2025-08-01,251.63,253.59,249.407,249.58,24323914.0,GOOG
2025-07-31,257.929,260.625,256.512,257.01,15361222.3,GOOG
2025-07-30,262.121,263.837,262.078,263.51,8914968.4,GOOG
2025-07-29,260.611,263.576,258.87,260.33,27728777.1,GOOG
2025-07-28,266.253,267.977,265.657,266.42,13899067.0,GOOG
2025-07-25,272.9,273.953,270.603,272.91,21164561.0,GOOG
2025-07-24,272.728,275.497,270.001,274.0,20474239.9,GOOG
2025-07-23,275.405,279.811,273.928,275.93,17905324.4,GOOG
2025-07-22,271.901,273.014,270.88,272.65,17010644.1,GOOG
2025-07-21,272.51,273.761,270.532,272.93,23511523.6,GOOG
2025-07-18,282.857,283.615,275.585,279.3,27888240.9,GOOG
2025-07-17,274.665,275.35,271.86,273.07,23362282.4,GOOG
2025-07-16,278.798,279.567,276.912,277.51,20160528.0,GOOG
2025-07-15,280.491,281.814,279.657,279.86,22321226.3,GOOG
2025-07-14,285.473,289.514,281.758,286.11,16430024.7,GOOG
2025-07-11,287.724,290.785,284.061,287.65,17900233.6,GOOG
2025-07-10,289.006,291.837,285.903,290.35,9065210.3,GOOG
2025-07-09,294.33,300.207,291.369,298.28,17389749.1,GOOG
2025-07-08,304.329,306.733,301.404,304.59,19637662.0,GOOG
2025-07-07,310.544,314.544,309.136,310.23,20581274.8,GOOG
2025-07-04,309.715,310.836,306.407,309.82,13934074.3,GOOG
2025-07-03,307.29,311.926,307.25,311.21,17737747.2,GOOG
2025-07-02,308.305,310.616,305.801,308.25,24168209.4,GOOG
2025-07-01,308.168,309.149,304.386,307.18,15035917.7,GOOG
2025-06-30,302.855,308.875,300.07,307.37,18087055.0,GOOG
2025-06-27,315.382,315.808,312.107,313.94,18358386.9,GOOG
2025-06-26,318.267,319.164,312.517,316.37,26765229.7,GOOG
2025-06-25,315.372,316.654,313.34,314.55,22657447.9,GOOG
2025-06-24,314.862,316.7,309.661,312.67,12057446.7,GOOG
2025-06-23,309.963,313.178,307.55,308.7,12578249.1,GOOG
2025-06-20,310.524,314.038,307.106,310.41,20379071.6,GOOG
2025-06-19,329.45,333.815,322.423,325.45,24405468.9,GOOG
2025-06-18,324.558,326.902,322.548,324.16,31133898.1,GOOG
2025-06-17,332.075,332.342,328.319,331.38,22780907.7,GOOG
2025-06-16,342.275,345.015,334.214,338.74,24370711.0,GOOG
2025-06-13,343.503,349.23,343.486,344.95,31950237.7,GOOG
2025-06-12,338.581,340.45,334.472,338.62,8362959.5,GOOG
2025-06-11,329.59,337.092,326.433,333.67,18166396.6,GOOG
2025-06-10,336.629,340.66,333.887,337.71,16519310.0,GOOG
2025-06-09,336.895,341.095,334.973,336.32,20432936.7,GOOG
2025-06-06,347.526,348.173,343.644,345.77,22680801.7,GOOG
2025-06-05,344.2,347.177,340.646,346.1,24573014.5,GOOG
2025-06-04,355.755,357.327,349.264,351.54,22415997.3,GOOG
2025-06-03,349.447,350.542,345.893,349.07,13153934.2,GOOG
2025-06-02,351.693,356.075,349.433,354.5,19347526.7,GOOG
2025-05-30,359.172,362.36,354.977,357.83,18811759.7,GOOG
2025-05-29,375.435,376.634,371.959,373.88,19354823.4,GOOG
2025-05-28,371.395,375.014,369.288,372.07,11138211.0,GOOG
2025-05-27,374.175,376.931,371.767,376.72,22146453.1,GOOG
2025-05-26,374.819,379.63,371.633,377.77,9797297.3,GOOG
2025-05-23,383.291,384.923,381.495,384.54,7722377.7,GOOG
2025-05-22,394.072,401.582,390.35,392.42,24880197.7,GOOG
2025-05-21,399.892,403.241,397.887,400.63,22894391.8,GOOG
2025-05-20,395.558,396.985,393.582,395.72,18594706.7,GOOG
2025-05-19,400.193,402.893,397.009,400.12,17529264.8,GOOG
2025-05-16,399.693,401.425,392.139,396.13,14613174.3,GOOG
2025-05-15,391.667,399.222,391.149,396.3,9421973.8,GOOG
2025-05-14,402.471,404.07,396.859,397.97,22317804.5,GOOG
2025-05-13,388.62,397.898,387.43,393.24,6485984.2,GOOG
2025-05-12,394.485,396.482,390.948,393.57,29756025.4,GOOG
2025-05-09,398.222,402.345,395.72,397.67,15289741.3,GOOG
2025-05-08,401.383,404.443,398.7,402.96,9846633.5,GOOG
2025-05-07,397.023,397.967,392.823,395.6,17198253.2,GOOG
2025-05-06,389.875,392.296,385.706,390.15,15150003.5,GOOG
2025-05-05,393.644,394.373,389.218,390.85,17408183.2,GOOG
2025-05-02,375.559,380.187,371.215,374.0,16346814.0,GOOG
2025-05-01,371.453,373.385,365.665,368.89,27056685.3,GOOG
2025-04-30,366.305,366.848,362.813,366.74,22448023.7,GOOG
2025-04-29,369.128,369.854,365.496,369.59,20965784.4,GOOG
2025-04-28,378.327,381.6,373.136,375.45,33174484.2,GOOG
2026-04-06,373.49,373.73,369.5014,372.88,16146572.0,MSFT
2026-04-02,367.205,373.64,364.15,373.46,24099067.0,MSFT
2026-04-01,373.49,373.99,368.2,369.37,29417206.0,MSFT
2026-03-31,364.55,372.9,363.07,370.17,45244365.0,MSFT
2026-03-30,361.895,365.36,356.28,358.96,44797002.0,MSFT
2026-03-27,361.9,362.45,356.51,356.77,37883400.0,MSFT
2026-03-26,370.815,374.7199,365.19,365.97,36836574.0,MSFT
2026-03-25,376.92,377.06,369.63,371.04,31181163.0,MSFT
2026-03-24,382.36,382.47,371.85,372.74,42733625.0,MSFT
2026-03-23,383.9,387.21,381.68,383.0,29680059.0,MSFT
2026-03-20,386.79,387.0,380.12,381.87,50853154.0,MSFT
2026-03-19,390.1,392.49,387.06,389.02,25138772.0,MSFT
2026-03-18,397.125,398.0,391.0,391.79,25908484.0,MSFT
2026-03-17,400.27,404.4,397.745,399.41,26228279.0,MSFT
2026-03-16,398.07,400.63,394.79,399.95,27733721.0,MSFT
2026-03-13,401.0,404.8,394.25,395.55,26848000.0,MSFT
2026-03-12,404.63,406.12,401.71,401.86,27263886.0,MSFT
2026-03-11,405.57,409.01,401.59,404.88,25512139.0,MSFT
2026-03-10,410.03,410.2,402.93,405.76,31706375.0,MSFT
2026-03-09,404.915,410.21,403.5,409.41,30131854.0,MSFT
2026-03-06,409.2,413.05,408.5101,408.96,31123859.0,MSFT
2026-03-05,404.42,411.61,404.4,410.68,39001315.0,MSFT
2026-03-04,401.265,411.0326,400.31,405.2,35807990.0,MSFT
2026-03-03,393.14,406.7,392.67,403.93,38199209.0,MSFT
2026-03-02,392.855,401.19,390.63,398.55,35474907.0,MSFT
2026-02-27,390.88,396.82,389.88,392.74,51367196.0,MSFT
2026-02-26,404.71,407.49,398.74,401.72,34405869.0,MSFT
2026-02-25,390.525,401.47,390.16,400.6,43625483.0,MSFT
2026-02-24,384.14,389.36,381.71,389.0,33884653.0,MSFT
2026-02-23,395.0,395.36,383.1,384.47,43238273.0,MSFT
2026-02-20,396.11,400.1159,395.16,397.23,34015249.0,MSFT
2026-02-19,400.69,404.43,396.67,398.46,28234001.0,MSFT
2026-02-18,398.13,402.56,396.32,399.6,23223417.0,MSFT
2026-02-17,399.22,400.52,394.525,396.86,32078794.0,MSFT
2026-02-13,404.45,405.54,398.05,401.32,34091553.0,MSFT
2026-02-12,405.0,406.2,398.01,401.84,40802362.0,MSFT
2026-02-11,416.175,416.46,401.01,404.37,42491012.0,MSFT
2026-02-10,419.62,423.68,412.7,413.27,44857850.0,MSFT
2026-02-09,404.85,414.89,400.87,413.6,45480526.0,MSFT
2026-02-06,399.165,401.79,392.92,401.14,53515311.0,MSFT
2026-02-05,407.44,408.3,392.32,393.67,66289247.0,MSFT
2026-02-04,411.0,419.8,409.24,414.19,45012374.0,MSFT
2026-02-03,422.01,422.05,408.56,411.21,60076532.0,MSFT
2026-02-02,430.235,430.736,422.25,423.37,42219858.0,MSFT
2026-01-30,439.17,439.6,426.45,430.29,58566819.0,MSFT
2026-01-29,439.99,442.5,421.02,433.5,128855323.0,MSFT
2026-01-28,483.21,483.74,478.0,481.63,36875403.0,MSFT
2026-01-27,473.7,482.87,473.16,480.58,29088664.0,MSFT
2026-01-26,465.305,474.25,462.0,470.28,29291235.0,MSFT
2026-01-23,451.87,471.1,450.53,465.95,38000159.0,MSFT
2026-01-22,447.62,452.84,444.7,451.14,25349378.0,MSFT
2026-01-21,452.595,452.69,438.68,444.11,37980510.0,MSFT
2026-01-20,451.215,456.8,449.28,454.52,25973898.0,MSFT
2026-01-16,457.83,463.19,456.48,459.86,34246650.0,MSFT
2026-01-15,464.12,464.25,455.9,456.66,23225839.0,MSFT
2026-01-14,466.46,468.2,457.17,459.38,28184302.0,MSFT
2026-01-13,474.675,475.7799,465.95,470.67,28545800.0,MSFT
2026-01-12,476.67,480.99,475.6803,477.18,23519895.0,MSFT
2026-01-09,474.06,479.82,472.2001,479.28,18491036.0,MSFT
2026-01-08,481.24,482.66,475.86,478.11,18162616.0,MSFT
2026-01-07,479.755,489.7,477.95,483.47,25564196.0,MSFT
2026-01-06,473.8,478.7367,469.75,478.51,23037665.0,MSFT
2026-01-05,474.055,476.07,469.5,472.85,25250260.0,MSFT
2026-01-02,484.385,484.66,470.16,472.94,25571567.0,MSFT
2025-12-31,487.84,488.14,483.3,483.62,15601554.0,MSFT
2025-12-30,485.93,489.68,485.5,487.48,13944512.0,MSFT
2025-12-29,484.855,488.35,484.18,487.1,10893408.0,MSFT
2025-12-26,486.705,488.12,485.96,487.71,8842175.0,MSFT
2025-12-24,485.68,489.1625,484.83,488.02,5855880.0,MSFT
2025-12-23,484.98,487.83,484.74,486.85,14683582.0,MSFT
2025-12-22,486.12,488.73,482.69,484.92,16963019.0,MSFT
2025-12-19,487.36,487.85,482.49,485.92,70836105.0,MSFT
2025-12-18,478.19,489.6,477.89,483.98,28573545.0,MSFT
2025-12-17,476.905,480.0,475.0,476.12,24527176.0,MSFT
2025-12-16,471.905,477.89,470.88,476.39,20705560.0,MSFT
2025-12-15,480.1,480.7205,472.52,474.82,23727694.0,MSFT
2025-12-12,479.82,482.45,476.34,478.53,21248102.0,MSFT
2025-12-11,476.63,486.03,475.86,483.47,24669180.0,MSFT
2025-12-10,484.03,484.25,475.08,478.56,35756229.0,MSFT
2025-12-09,489.1,492.12,488.5001,492.02,14092776.0,MSFT
2025-12-08,484.885,492.3,484.38,491.02,20668450.0,MSFT
2025-12-05,482.515,483.4,478.8801,483.16,22608710.0,MSFT
2025-12-04,479.76,481.322,476.49,480.84,22318155.0,MSFT
2025-12-03,476.32,484.24,475.2,477.73,34615102.0,MSFT
2025-12-02,486.715,493.4999,486.32,490.0,19562722.0,MSFT
2025-12-01,488.435,489.8599,484.6475,486.74,23963993.0,MSFT
2025-11-28,487.595,492.63,486.65,492.01,14386730.0,MSFT
2025-11-26,486.31,488.31,481.2,485.5,25709079.0,MSFT
2025-11-25,474.07,479.15,464.89,476.99,28019793.0,MSFT
2025-11-24,475.0,476.9,468.02,474.0,34421046.0,MSFT
2025-11-21,478.5,478.92,468.27,472.12,31769248.0,MSFT
2025-11-20,492.71,493.57,475.5,478.43,26802542.0,MSFT
2025-11-19,490.1,495.1872,482.83,487.12,23245314.0,MSFT
2025-11-18,495.365,502.98,486.78,493.79,33815114.0,MSFT
2025-11-17,508.45,512.12,504.91,507.49,19092752.0,MSFT
2025-11-14,498.23,511.6,497.44,510.18,28505746.0,MSFT
2025-11-13,510.31,513.5,501.29,503.29,25273114.0,MSFT
2025-11-12,509.355,511.67,499.1201,511.14,26574851.0,MSFT
2025-11-11,504.8,509.6,502.3488,508.68,17980020.0,MSFT
2025-11-10,500.035,506.85,498.8,506.0,26101480.0,MSFT
2025-11-07,511.512,514.682,507.449,512.89,22038519.4,MSFT
2025-11-06,494.989,499.598,494.133,498.12,28511772.7,MSFT
2025-11-05,511.836,513.808,503.51,508.58,37638851.7,MSFT
2025-11-04,505.988,520.536,501.154,515.61,25767385.7,MSFT
2025-11-03,518.984,519.222,511.79,515.34,37092412.8,MSFT
2025-10-31,520.264,523.917,514.422,520.47,16504881.5,MSFT
2025-10-30,526.65,533.033,522.667,523.92,28819395.5,MSFT
2025-10-29,526.832,533.759,524.924,525.43,21142486.3,MSFT
2025-10-28,521.287,527.868,518.082,527.82,29911824.7,MSFT
2025-10-27,524.575,529.769,519.816,526.01,28687581.0,MSFT
2025-10-24,534.702,545.317,534.629,539.65,31615955.1,MSFT
2025-10-23,530.867,537.017,525.741,533.06,23995803.8,MSFT
2025-10-22,542.672,547.733,534.383,540.52,19900800.7,MSFT
2025-10-21,537.062,542.95,533.949,537.1,19819692.9,MSFT
2025-10-20,528.394,535.407,525.078,533.82,33070592.0,MSFT
2025-10-17,546.229,550.674,545.683,547.8,28345251.9,MSFT
2025-10-16,552.659,557.951,551.56,553.69,18752961.0,MSFT
2025-10-15,540.108,546.405,533.266,540.33,28239411.9,MSFT
2025-10-14,555.742,559.069,547.118,549.7,28474173.2,MSFT
2025-10-13,542.638,545.596,535.117,540.9,21672519.0,MSFT
2025-10-10,536.032,538.588,530.78,536.82,29060664.7,MSFT
2025-10-09,539.827,545.739,533.906,541.67,34730250.6,MSFT
2025-10-08,548.185,554.379,544.374,545.9,25775180.5,MSFT
2025-10-07,559.824,565.592,555.122,560.06,31754609.5,MSFT
2025-10-06,554.845,562.445,547.612,558.56,19044471.0,MSFT
2025-10-03,536.692,540.428,534.798,536.83,35156133.6,MSFT
2025-10-02,570.422,577.876,564.164,568.54,27981218.1,MSFT
2025-10-01,544.142,553.897,542.093,548.18,26340183.1,MSFT
2025-09-30,532.927,539.837,531.394,535.21,25641747.8,MSFT
2025-09-29,530.853,533.914,525.666,529.09,27565137.2,MSFT
2025-09-26,529.784,540.15,525.481,531.71,20942738.2,MSFT
2025-09-25,505.146,507.864,498.664,502.7,24039932.9,MSFT
2025-09-24,494.72,494.97,489.466,490.76,27021419.2,MSFT
2025-09-23,498.014,501.78,491.772,498.39,34991651.7,MSFT
2025-09-22,486.161,492.004,483.832,488.99,27353489.8,MSFT
2025-09-19,486.713,492.276,482.633,487.14,22156227.3,MSFT
2025-09-18,481.784,485.858,476.676,481.23,24985272.0,MSFT
2025-09-17,471.279,480.673,465.944,472.7,33064732.5,MSFT
2025-09-16,480.519,482.078,477.527,479.39,30295691.8,MSFT
2025-09-15,466.249,470.835,463.214,464.96,13199852.7,MSFT
2025-09-12,445.461,450.839,442.379,448.91,14163309.0,MSFT
2025-09-11,462.405,463.642,459.651,462.33,30508369.1,MSFT
2025-09-10,461.129,465.194,460.999,461.34,23210917.2,MSFT
2025-09-09,446.749,449.383,443.633,443.71,23564815.9,MSFT
2025-09-08,437.124,446.012,435.716,439.93,23770436.9,MSFT
2025-09-05,442.311,444.97,433.434,441.25,16491520.2,MSFT
2025-09-04,437.758,438.337,434.306,436.44,19464103.9,MSFT
2025-09-03,445.564,450.87,443.862,445.45,28230514.9,MSFT
2025-09-02,443.498,450.238,440.869,448.09,39573157.9,MSFT
2025-09-01,446.35,451.136,441.545,447.36,25902959.8,MSFT
2025-08-29,435.997,444.322,434.831,442.95,24596225.2,MSFT
2025-08-28,444.335,447.081,440.652,443.69,23013643.6,MSFT
2025-08-27,438.757,439.891,434.346,439.73,23118801.8,MSFT
2025-08-26,432.133,434.993,430.114,432.72,15196272.8,MSFT
2025-08-25,433.776,435.63,425.369,428.52,23604559.3,MSFT
2025-08-22,435.543,443.242,431.44,438.87,21180413.5,MSFT
2025-08-21,431.068,434.43,429.321,432.87,33453801.6,MSFT
2025-08-20,428.064,434.308,424.045,429.66,23292055.7,MSFT
2025-08-19,442.325,446.632,438.896,445.54,26493121.2,MSFT
2025-08-18,438.08,442.306,430.813,440.68,30221956.7,MSFT
2025-08-15,426.799,429.727,423.802,426.26,29407161.9,MSFT
2025-08-14,407.586,410.449,404.431,407.88,17907025.4,MSFT
2025-08-13,410.139,414.48,406.129,411.11,32816486.0,MSFT
2025-08-12,412.6,415.705,409.3,410.99,14528774.9,MSFT
2025-08-11,406.655,410.339,403.242,407.69,23688097.1,MSFT
2025-08-08,405.287,409.527,401.083,404.16,17202905.2,MSFT
2025-08-07,411.273,414.598,404.277,408.81,38028343.9,MSFT
2025-08-06,401.965,405.959,400.525,401.99,35894448.0,MSFT
2025-08-05,397.494,404.644,394.718,400.39,33123047.2,MSFT
2025-08-04,401.062,405.058,395.539,401.3,19071680.0,MSFT
2025-08-01,403.963,407.44,403.593,404.19,24417601.3,MSFT
2025-07-31,400.788,405.11,399.277,401.6,30864849.5,MSFT
2025-07-30,397.674,401.379,393.978,398.44,16779884.8,MSFT
2025-07-29,392.862,401.222,388.6,396.61,19809304.3,MSFT
2025-07-28,391.853,394.475,388.091,391.14,26049604.9,MSFT
2025-07-25,406.515,407.079,401.779,402.85,33354990.4,MSFT
2025-07-24,414.516,417.6,412.834,415.6,23916339.4,MSFT
2025-07-23,413.185,415.218,408.478,414.2,23286298.1,MSFT
2025-07-22,409.549,415.42,405.543,411.34,29098552.8,MSFT
2025-07-21,419.05,421.836,413.493,417.15,28566735.0,MSFT
2025-07-18,413.32,414.411,408.958,413.67,32437177.4,MSFT
2025-07-17,426.527,430.039,424.734,426.76,30659016.4,MSFT
2025-07-16,427.349,432.424,425.59,430.01,26986872.6,MSFT
2025-07-15,424.013,425.882,418.464,423.66,23609806.8,MSFT
2025-07-14,426.369,427.456,419.313,425.12,17567412.9,MSFT
2025-07-11,428.39,431.602,424.108,426.62,29929378.7,MSFT
2025-07-10,423.749,426.979,419.371,419.86,26357482.7,MSFT
2025-07-09,414.541,421.036,409.83,417.05,24779849.0,MSFT
2025-07-08,412.667,417.441,406.849,408.05,32549127.5,MSFT
2025-07-07,408.116,409.481,406.304,407.42,21742305.9,MSFT
2025-07-04,408.529,412.439,406.378,408.13,33752057.6,MSFT
2025-07-03,419.647,422.815,415.824,418.53,28768602.1,MSFT
2025-07-02,407.631,410.855,406.036,408.19,33552691.9,MSFT
2025-07-01,405.224,407.828,398.027,403.57,26145521.8,MSFT
2025-06-30,403.32,412.947,400.29,409.16,26573668.8,MSFT
2025-06-27,411.584,413.739,405.562,411.03,28447548.9,MSFT
2025-06-26,425.906,428.999,424.375,425.29,25758587.8,MSFT
2025-06-25,431.589,434.695,428.443,432.01,30022833.7,MSFT
2025-06-24,433.775,440.036,429.179,438.62,29184515.4,MSFT
2025-06-23,427.811,431.018,424.046,427.28,34821605.6,MSFT
2025-06-20,411.355,414.032,408.948,410.76,14654526.4,MSFT
2025-06-19,398.435,404.882,393.279,399.25,35012842.1,MSFT
2025-06-18,395.272,397.741,391.278,394.47,27846478.2,MSFT
2025-06-17,393.558,397.443,392.949,393.04,25554671.9,MSFT
2025-06-16,402.873,406.581,398.114,402.17,16722575.3,MSFT
2025-06-13,395.297,399.145,393.562,396.03,32569886.3,MSFT
2025-06-12,399.434,400.325,397.555,399.68,27761427.7,MSFT
2025-06-11,391.231,394.693,390.225,392.28,30959099.7,MSFT
2025-06-10,378.086,379.662,373.543,375.44,28137371.7,MSFT
2025-06-09,376.73,378.243,372.319,375.05,21208080.5,MSFT
2025-06-06,374.139,375.635,372.586,372.82,26099902.7,MSFT
2025-06-05,374.95,378.792,372.81,374.33,33925282.7,MSFT
2025-06-04,364.852,366.215,362.4,365.48,23906167.5,MSFT
2025-06-03,360.426,364.306,357.544,359.92,27469455.2,MSFT
2025-06-02,361.524,369.17,358.734,364.57,18126715.7,MSFT
2025-05-30,369.182,371.24,364.955,368.19,26960798.7,MSFT
2025-05-29,362.136,366.946,359.871,361.75,32679742.7,MSFT
2025-05-28,361.172,364.16,360.483,361.26,30998133.1,MSFT
2025-05-27,366.481,369.402,362.323,367.05,29081458.3,MSFT
2025-05-26,359.992,361.187,355.114,356.83,20184302.5,MSFT
2025-05-23,349.93,352.98,349.789,352.7,26190058.9,MSFT
2025-05-22,355.505,357.662,352.456,354.15,28837322.4,MSFT
2025-05-21,353.005,358.55,352.262,354.22,28187070.8,MSFT
2025-05-20,353.127,356.09,349.438,351.5,35423745.2,MSFT
2025-05-19,354.74,358.064,352.219,355.5,27722514.1,MSFT
2025-05-16,353.768,356.513,349.186,352.05,20473588.6,MSFT
2025-05-15,349.405,352.734,346.263,348.38,14689431.1,MSFT
2025-05-14,334.07,337.176,332.661,333.5,33624352.2,MSFT
2025-05-13,336.489,338.034,333.215,336.81,22032795.3,MSFT
2025-05-12,330.403,334.226,328.705,328.93,29909685.3,MSFT
2025-05-09,329.632,337.8,326.686,334.52,25314368.5,MSFT
2025-05-08,333.329,338.675,329.981,335.26,29403214.4,MSFT
2025-05-07,334.536,338.505,333.75,334.69,22305866.3,MSFT
2025-05-06,337.614,340.148,337.544,337.58,27077063.2,MSFT
2025-05-05,337.545,340.928,335.321,338.67,20701941.8,MSFT
2025-05-02,349.866,353.688,342.519,346.6,16985381.1,MSFT
2025-05-01,339.013,343.839,336.053,340.77,28374977.7,MSFT
2025-04-30,337.368,337.724,333.408,336.5,29577488.6,MSFT
2025-04-29,336.14,340.557,335.401,338.03,25802297.5,MSFT
2025-04-28,336.314,340.161,333.109,334.94,29838465.8,MSFT
2026-04-06,209.795,212.95,209.59,212.79,25385495.0,AMZN
2026-04-02,206.54,212.2125,204.9,209.77,31453039.0,AMZN
2026-04-01,210.435,213.58,208.19,210.57,45955395.0,AMZN
2026-03-31,204.845,210.28,204.14,208.27,58470078.0,AMZN
2026-03-30,201.48,203.8,199.9802,200.95,46373797.0,AMZN
2026-03-27,206.455,206.6,199.14,199.34,56009763.0,AMZN
2026-03-26,210.61,212.885,207.12,207.54,46745978.0,AMZN
2026-03-25,211.56,213.07,209.9,211.71,36388791.0,AMZN
2026-03-24,207.95,209.35,206.64,207.24,35351425.0,AMZN
2026-03-23,209.79,212.8,209.51,210.14,44277356.0,AMZN
2026-03-20,207.4,207.54,204.316,205.37,63694603.0,AMZN
2026-03-19,207.06,209.12,206.05,208.76,36440622.0,AMZN
2026-03-18,213.925,215.1401,208.825,209.87,37846642.0,AMZN
2026-03-17,212.82,215.7,212.43,215.2,44969943.0,AMZN
2026-03-16,208.35,212.724,207.445,211.74,42209316.0,AMZN
2026-03-13,209.605,210.56,206.22,207.67,35662137.0,AMZN
2026-03-12,210.39,211.71,208.15,209.53,44349501.0,AMZN
2026-03-11,215.705,217.0,211.35,212.65,34199303.0,AMZN
2026-03-10,214.19,215.65,212.43,214.33,35678834.0,AMZN
2026-03-09,210.45,213.82,207.11,213.49,54642926.0,AMZN
2026-03-06,214.99,217.32,212.53,213.21,51152716.0,AMZN
2026-03-05,215.98,220.47,215.59,218.94,60943447.0,AMZN
2026-03-04,210.47,217.54,210.15,216.82,54731101.0,AMZN
2026-03-03,203.1,209.178,202.48,208.73,43184918.0,AMZN
2026-03-02,204.55,209.73,203.46,208.39,46001010.0,AMZN
2026-02-27,206.83,210.33,205.2,210.0,57422777.0,AMZN
2026-02-26,210.73,211.05,205.345,207.92,47756765.0,AMZN
2026-02-25,210.46,211.59,208.93,210.64,41346376.0,AMZN
2026-02-24,205.47,210.36,203.25,208.56,41137162.0,AMZN
2026-02-23,208.095,208.43,203.11,205.27,53581508.0,AMZN
2026-02-20,204.76,211.17,203.75,210.11,65881611.0,AMZN
2026-02-19,203.8,205.6396,202.81,204.86,35669611.0,AMZN
2026-02-18,202.07,206.86,201.51,204.79,51003299.0,AMZN
2026-02-17,198.125,201.7362,196.0,201.15,69879200.0,AMZN
2026-02-13,198.88,201.16,197.275,198.79,66321593.0,AMZN
2026-02-12,203.96,203.96,197.56,199.6,83975393.0,AMZN
2026-02-11,208.06,208.57,202.49,204.08,65545455.0,AMZN
2026-02-10,208.795,212.6499,206.411,206.96,67175031.0,AMZN
2026-02-09,208.97,212.81,203.35,208.72,91178443.0,AMZN
2026-02-06,202.7,211.44,200.31,210.32,179210851.0,AMZN
2026-02-05,224.91,226.31,220.38,222.69,103509230.0,AMZN
2026-02-04,238.86,238.86,231.82,232.99,51299947.0,AMZN
2026-02-03,244.975,246.35,235.45,238.62,50478573.0,AMZN
2026-02-02,238.31,245.6299,238.17,242.96,37546102.0,AMZN
2026-01-30,239.89,243.315,237.64,239.3,46585024.0,AMZN
2026-01-29,242.82,243.0,236.742,241.73,47229643.0,AMZN
2026-01-28,246.365,247.775,241.53,243.01,40882657.0,AMZN
2026-01-27,239.685,244.88,238.08,244.68,37815946.0,AMZN
2026-01-26,239.98,240.95,237.54,238.42,32825530.0,AMZN
2026-01-23,234.955,240.45,234.57,239.16,33778478.0,AMZN
2026-01-22,234.05,235.72,230.9,234.34,31913325.0,AMZN
2026-01-21,231.085,232.3,226.88,231.31,47276090.0,AMZN
2026-01-20,233.76,235.09,229.34,231.0,46959464.0,AMZN
2026-01-16,239.085,239.57,236.41,239.12,45888283.0,AMZN
2026-01-15,239.31,240.65,236.63,238.18,43003571.0,AMZN
2026-01-14,241.15,241.28,236.22,236.65,41410578.0,AMZN
2026-01-13,246.53,247.66,240.25,242.6,38371778.0,AMZN
2026-01-12,246.73,248.94,245.96,246.47,35867770.0,AMZN
2026-01-09,244.568,247.86,242.24,247.38,34559961.0,AMZN
2026-01-08,243.06,246.41,241.88,246.29,39509844.0,AMZN
2026-01-07,239.61,245.29,239.52,241.56,42236531.0,AMZN
2026-01-06,232.1,243.18,232.07,240.93,53764677.0,AMZN
2026-01-05,228.84,234.0,227.18,233.06,49733348.0,AMZN
2026-01-02,231.34,235.458,224.7,226.5,51456229.0,AMZN
2025-12-31,232.905,232.99,230.12,230.82,24383749.0,AMZN
2025-12-30,231.205,232.77,230.2,232.53,21910453.0,AMZN
2025-12-29,231.94,232.6,230.77,232.07,19797909.0,AMZN
2025-12-26,232.035,232.99,231.18,232.52,15994726.0,AMZN
2025-12-24,232.13,232.95,231.33,232.38,11420543.0,AMZN
2025-12-23,229.055,232.445,228.73,232.14,29230233.0,AMZN
2025-12-22,228.61,229.48,226.71,228.43,32261329.0,AMZN
2025-12-19,226.76,229.125,225.58,227.35,85544374.0,AMZN
2025-12-18,225.705,229.225,224.41,226.76,50272419.0,AMZN
2025-12-17,224.655,225.19,220.99,221.27,44034418.0,AMZN
2025-12-16,223.035,223.66,221.1304,222.56,39298857.0,AMZN
2025-12-15,227.93,227.93,221.5,222.54,47286085.0,AMZN
2025-12-12,229.87,230.08,225.12,226.19,35639118.0,AMZN
2025-12-11,230.71,232.11,228.6901,230.28,28249599.0,AMZN
2025-12-10,228.805,232.42,228.46,231.78,38790736.0,AMZN
2025-12-09,226.84,228.57,225.11,227.92,25712299.0,AMZN
2025-12-08,229.59,230.83,226.27,226.89,34681553.0,AMZN
2025-12-05,230.32,231.24,228.547,229.53,33117377.0,AMZN
2025-12-04,232.77,233.5,226.8,229.11,45683224.0,AMZN
2025-12-03,233.35,233.38,230.61,232.38,35495058.0,AMZN
2025-12-02,235.005,238.97,233.55,234.42,45785363.0,AMZN
2025-12-01,233.22,235.797,232.25,233.88,42903954.0,AMZN
2025-11-28,231.24,233.285,230.22,233.22,20292329.0,AMZN
2025-11-26,230.74,231.7474,228.77,229.16,38497922.0,AMZN
2025-11-25,226.38,230.52,223.8,229.67,39379339.0,AMZN
2025-11-24,222.555,227.33,222.27,226.28,54318395.0,AMZN
2025-11-21,216.345,222.21,215.18,220.69,68490464.0,AMZN
2025-11-20,227.05,227.41,216.74,217.14,50308962.0,AMZN
2025-11-19,223.735,223.735,218.52,222.69,58335643.0,AMZN
2025-11-18,228.1,230.2,222.42,222.55,60608442.0,AMZN
2025-11-17,233.25,234.6,229.19,232.87,59919018.0,AMZN
2025-11-14,235.06,238.73,232.89,234.69,38956669.0,AMZN
2025-11-13,243.05,243.75,236.5,237.58,41401738.0,AMZN
2025-11-12,250.235,250.37,243.75,244.2,31190063.0,AMZN
2025-11-11,248.41,249.7499,247.23,249.1,23564060.0,AMZN
2025-11-10,248.34,251.75,245.59,248.4,36476514.0,AMZN
2025-11-07,245.631,248.719,243.034,246.54,38273123.4,AMZN
2025-11-06,246.996,250.073,246.271,246.56,46391361.8,AMZN
2025-11-05,248.306,249.949,247.283,248.7,35046516.4,AMZN
2025-11-04,247.187,249.286,245.058,246.62,41454143.6,AMZN
2025-11-03,251.968,253.993,248.804,251.33,43334130.1,AMZN
2025-10-31,261.424,263.219,260.513,261.64,24791870.4,AMZN
2025-10-30,258.962,261.391,255.378,257.34,33996638.6,AMZN
2025-10-29,256.805,258.202,254.172,256.76,43175460.8,AMZN
2025-10-28,257.801,262.182,257.067,257.86,31736829.5,AMZN
2025-10-27,258.064,260.271,256.034,258.06,43244539.9,AMZN
2025-10-24,257.594,261.749,255.324,258.57,31858161.1,AMZN
2025-10-23,255.377,257.57,253.649,254.56,32880121.6,AMZN
2025-10-22,257.831,258.262,253.2,255.76,40892059.2,AMZN
2025-10-21,247.5,248.878,246.921,247.91,34438073.4,AMZN
2025-10-20,242.092,246.346,240.253,243.94,43466450.7,AMZN
2025-10-17,242.934,244.127,241.387,242.54,36332453.7,AMZN
2025-10-16,247.795,249.195,244.573,246.11,36036057.3,AMZN
2025-10-15,240.27,243.823,236.98,238.68,36811411.1,AMZN
2025-10-14,234.906,237.995,232.904,234.86,31931314.1,AMZN
2025-10-13,235.319,238.517,233.51,237.75,31724708.6,AMZN
2025-10-10,241.304,244.055,240.077,242.23,35467481.4,AMZN
2025-10-09,238.182,239.376,235.397,238.68,40935130.8,AMZN
2025-10-08,231.226,233.236,229.375,231.49,39141710.6,AMZN
2025-10-07,229.234,233.082,226.682,229.22,34712989.6,AMZN
2025-10-06,234.217,235.869,233.531,234.01,46517979.1,AMZN
2025-10-03,228.552,230.188,224.37,227.83,27367603.0,AMZN
2025-10-02,232.626,234.743,231.893,234.24,29307228.5,AMZN
2025-10-01,236.183,237.173,234.356,237.16,40165163.8,AMZN
2025-09-30,237.837,239.958,234.854,237.39,34525196.3,AMZN
2025-09-29,236.917,239.688,233.077,238.75,40358647.5,AMZN
2025-09-26,241.371,242.303,238.533,239.94,51713934.7,AMZN
2025-09-25,243.65,245.404,242.042,243.74,30562196.7,AMZN
2025-09-24,237.094,240.261,235.134,238.37,31807075.0,AMZN
2025-09-23,235.266,240.05,235.216,238.44,33640821.4,AMZN
2025-09-22,243.043,244.559,238.667,241.02,41597848.7,AMZN
2025-09-19,240.051,242.33,239.317,240.67,44508577.3,AMZN
2025-09-18,247.294,247.574,244.181,245.8,33842988.8,AMZN
2025-09-17,246.197,246.487,243.175,246.28,43041562.8,AMZN
2025-09-16,253.515,255.597,250.955,253.71,32948146.7,AMZN
2025-09-15,261.224,263.269,257.162,260.11,38340524.2,AMZN
2025-09-12,259.565,260.168,255.761,258.92,39971424.2,AMZN
2025-09-11,257.436,258.609,254.62,256.09,44973861.3,AMZN
2025-09-10,251.69,254.933,251.251,252.47,29784624.1,AMZN
2025-09-09,239.736,242.197,238.963,240.36,27370180.8,AMZN
2025-09-08,240.176,244.127,239.049,240.98,44831567.3,AMZN
2025-09-05,247.129,248.785,247.017,248.54,39597000.9,AMZN
2025-09-04,257.637,259.725,254.597,256.16,55670198.7,AMZN
2025-09-03,251.681,254.047,249.4,250.06,30146565.1,AMZN
2025-09-02,247.382,252.016,245.253,245.93,40383880.0,AMZN
2025-09-01,248.28,252.648,246.835,250.16,35433232.2,AMZN
2025-08-29,254.471,259.874,249.709,255.58,42856087.2,AMZN
2025-08-28,259.811,261.072,257.538,260.97,33671453.5,AMZN
2025-08-27,265.119,266.124,262.546,264.05,28891061.3,AMZN
2025-08-26,266.091,269.651,265.093,268.25,36693346.7,AMZN
2025-08-25,266.809,271.143,265.22,267.83,37419352.9,AMZN
2025-08-22,277.509,278.126,273.021,274.98,35213095.3,AMZN
2025-08-21,282.117,284.261,279.326,281.2,33761870.2,AMZN
2025-08-20,278.988,280.972,277.379,278.74,33265827.4,AMZN
2025-08-19,272.217,274.104,271.223,271.87,35817400.1,AMZN
2025-08-18,272.16,274.091,270.703,272.22,32052740.6,AMZN
2025-08-15,280.092,284.343,278.512,281.68,31380186.5,AMZN
2025-08-14,278.724,280.747,275.28,278.08,39713110.9,AMZN
2025-08-13,275.264,276.161,274.353,274.95,26343697.2,AMZN
2025-08-12,274.134,277.258,272.781,276.63,42504707.1,AMZN
2025-08-11,275.483,277.922,273.43,274.51,40429504.3,AMZN
2025-08-08,280.913,282.713,279.146,280.33,35507723.1,AMZN
2025-08-07,273.328,274.494,271.227,272.75,39839673.1,AMZN
2025-08-06,269.069,271.325,267.914,268.88,37635798.4,AMZN
2025-08-05,260.216,264.405,257.151,262.43,27648570.3,AMZN
2025-08-04,256.087,257.589,255.783,256.63,32098409.5,AMZN
2025-08-01,255.82,258.343,254.07,257.29,32263796.6,AMZN
2025-07-31,255.849,257.758,252.091,255.41,36584870.1,AMZN
2025-07-30,256.867,259.515,254.17,258.25,32565327.5,AMZN
2025-07-29,256.026,259.254,254.204,257.11,30786025.9,AMZN
2025-07-28,245.043,247.822,243.255,246.48,39463008.6,AMZN
2025-07-25,254.71,258.427,252.9,255.89,9519994.0,AMZN
2025-07-24,257.471,261.104,252.763,256.25,38415542.2,AMZN
2025-07-23,251.173,254.599,247.925,251.44,34785456.1,AMZN
2025-07-22,246.982,248.928,244.551,246.73,38231304.6,AMZN
2025-07-21,245.135,246.145,242.548,244.62,31764051.9,AMZN
2025-07-18,253.474,255.855,246.88,250.08,43358107.0,AMZN
2025-07-17,247.437,250.443,247.132,248.97,33445724.5,AMZN
2025-07-16,246.633,248.576,245.663,246.8,38727303.0,AMZN
2025-07-15,254.383,255.885,251.439,253.68,40264960.6,AMZN
2025-07-14,255.505,258.548,252.684,256.21,34552256.9,AMZN
2025-07-11,250.819,253.476,248.349,252.12,37827436.5,AMZN
2025-07-10,255.69,257.402,253.232,255.46,34041018.3,AMZN
2025-07-09,254.56,257.596,253.628,256.0,32420938.0,AMZN
2025-07-08,255.339,257.903,254.06,256.17,39332036.4,AMZN
2025-07-07,256.555,259.114,255.511,256.75,28295118.7,AMZN
2025-07-04,257.181,259.985,255.132,255.39,39146298.4,AMZN
2025-07-03,258.611,263.162,258.517,259.94,40219556.1,AMZN
2025-07-02,261.398,262.378,256.711,260.11,42223643.8,AMZN
2025-07-01,261.946,264.8,261.015,263.47,25877092.2,AMZN
2025-06-30,259.747,260.157,253.973,259.02,35315802.9,AMZN
2025-06-27,268.096,271.066,263.417,265.22,40772897.1,AMZN
2025-06-26,261.222,264.724,258.437,262.0,35054451.9,AMZN
2025-06-25,255.897,256.383,254.251,255.93,35873653.4,AMZN
2025-06-24,253.925,257.957,252.503,256.52,36990761.9,AMZN
2025-06-23,246.622,252.726,246.326,250.71,44602907.4,AMZN
2025-06-20,255.443,257.22,252.561,253.52,24700658.9,AMZN
2025-06-19,255.123,258.474,250.201,252.25,41557590.1,AMZN
2025-06-18,263.591,265.172,261.511,264.95,33926746.9,AMZN
2025-06-17,273.131,277.409,269.326,274.08,40621682.1,AMZN
2025-06-16,277.008,279.977,272.683,278.78,45793502.3,AMZN
2025-06-13,277.91,278.492,276.26,277.63,35799480.1,AMZN
2025-06-12,280.443,285.0,279.949,281.95,42169203.5,AMZN
2025-06-11,277.785,279.589,274.966,276.12,40779669.1,AMZN
2025-06-10,268.697,273.1,265.566,268.53,35429905.9,AMZN
2025-06-09,269.663,273.963,267.259,272.38,32255832.6,AMZN
2025-06-06,268.44,269.9,266.37,267.82,34094495.6,AMZN
2025-06-05,272.404,274.184,268.134,270.59,41625995.3,AMZN
2025-06-04,276.653,281.511,276.179,278.83,33979526.7,AMZN
2025-06-03,276.518,282.36,275.483,280.82,34918629.2,AMZN
2025-06-02,280.22,283.697,277.976,278.21,40280892.8,AMZN
2025-05-30,281.633,284.999,277.873,280.47,46801461.6,AMZN
2025-05-29,273.197,273.826,269.578,271.99,39676984.4,AMZN
2025-05-28,282.616,282.945,276.075,278.54,45880214.8,AMZN
2025-05-27,285.103,286.955,283.363,286.48,34422120.1,AMZN
2025-05-26,283.493,285.283,278.831,281.28,38730532.9,AMZN
2025-05-23,285.115,288.001,282.062,286.44,33743413.5,AMZN
2025-05-22,281.892,284.47,278.487,281.8,45398496.2,AMZN
2025-05-21,278.456,278.824,276.113,277.41,34223918.4,AMZN
2025-05-20,286.564,289.479,283.082,285.65,24817135.9,AMZN
2025-05-19,282.265,286.258,281.252,282.32,27398584.1,AMZN
2025-05-16,278.707,282.546,277.405,279.44,32296678.1,AMZN
2025-05-15,285.654,287.903,283.319,286.68,26658198.8,AMZN
2025-05-14,290.373,293.22,288.53,293.18,35478728.1,AMZN
2025-05-13,288.593,292.38,285.132,290.8,38081501.0,AMZN
2025-05-12,291.091,295.532,289.626,292.68,42536582.5,AMZN
2025-05-09,292.005,294.421,288.148,289.21,39611433.1,AMZN
2025-05-08,287.794,291.505,285.838,290.02,44567587.5,AMZN
2025-05-07,285.163,289.377,280.124,283.24,29864311.0,AMZN
2025-05-06,275.491,279.8,274.214,277.68,46365583.4,AMZN
2025-05-05,278.634,280.994,274.813,278.04,27498559.5,AMZN
2025-05-02,283.214,284.643,281.635,281.97,50144842.7,AMZN
2025-05-01,294.535,298.642,292.388,295.25,25774718.7,AMZN
2025-04-30,294.058,297.151,292.316,295.66,40272736.7,AMZN
2025-04-29,297.072,301.433,293.993,300.1,40896101.1,AMZN
2025-04-28,304.67,307.516,301.01,303.74,31419147.3,AMZN
